{"cameraMode":{"drawMode":0,"name":"Shaded","section":"Shading Mode"},"sceneLighting":false,"audioPlay":false,"sceneViewState":{"showFog":true,"showMaterialUpdate":false,"showSkybox":false,"showFlares":true,"showImageEffects":true,"showParticleSystems":true},"in2DMode":false,"pivot":{"x":-1.3574941158294678,"y":1.1123632192611695,"z":5.287287712097168},"rotation":{"x":0.013525239191949368,"y":0.46835973858833315,"z":-0.0071709174662828449,"w":0.8834050893783569},"size":2.0660994052886965,"orthographic":false}